{"cameraMode":{"drawMode":0,"name":"Shaded","section":"Shading Mode"},"sceneLighting":true,"audioPlay":false,"sceneViewState":{"showFog":true,"showMaterialUpdate":false,"showSkybox":true,"showFlares":true,"showImageEffects":true,"showParticleSystems":true,"showVisualEffectGraphs":true,"m_FxEnabled":true},"in2DMode":false,"pivot":{"x":555.4093627929688,"y":270.84930419921877,"z":16.587493896484376},"rotation":{"x":0.03477979078888893,"y":0.03596688061952591,"z":-0.0012525403872132302,"w":0.9987459778785706},"size":175.6416778564453,"orthographic":false}